code_commune;libelle_commune;annee;total_delits
69001;Affoux;2017;0.0
69001;Affoux;2022;0.0
69001;Affoux;2024;0.0
69002;Aigueperse;2017;0.0
69002;Aigueperse;2022;0.0
69002;Aigueperse;2024;0.0
69003;Albigny-sur-Saône;2017;68.0
69003;Albigny-sur-Saône;2022;88.0
69003;Albigny-sur-Saône;2024;139.0
69004;Alix;2017;0.0
69004;Alix;2022;0.0
69004;Alix;2024;0.0
69005;Ambérieux;2017;0.0
69005;Ambérieux;2022;0.0
69005;Ambérieux;2024;10.0
69006;Amplepuis;2017;154.0
69006;Amplepuis;2022;202.0
69006;Amplepuis;2024;172.0
69007;Ampuis;2017;56.0
69007;Ampuis;2022;42.0
69007;Ampuis;2024;83.0
69008;Ancy;2017;0.0
69008;Ancy;2022;0.0
69008;Ancy;2024;0.0
69009;Anse;2017;323.0
69009;Anse;2022;381.0
69009;Anse;2024;378.0
69010;L'Arbresle;2017;260.0
69010;L'Arbresle;2022;313.0
69010;L'Arbresle;2024;247.0
69012;Les Ardillats;2017;0.0
69012;Les Ardillats;2022;0.0
69012;Les Ardillats;2024;0.0
69013;Arnas;2017;99.0
69013;Arnas;2022;140.0
69013;Arnas;2024;183.0
69014;Aveize;2017;0.0
69014;Aveize;2022;0.0
69014;Aveize;2024;0.0
69016;Azolette;2017;0.0
69016;Azolette;2022;0.0
69016;Azolette;2024;0.0
69017;Bagnols;2017;0.0
69017;Bagnols;2022;0.0
69017;Bagnols;2024;0.0
69018;Beaujeu;2017;27.0
69018;Beaujeu;2022;36.0
69018;Beaujeu;2024;46.0
69019;Belleville-en-Beaujolais;2017;392.0
69019;Belleville-en-Beaujolais;2022;507.0
69019;Belleville-en-Beaujolais;2024;566.0
69020;Belmont-d'Azergues;2017;0.0
69020;Belmont-d'Azergues;2022;0.0
69020;Belmont-d'Azergues;2024;0.0
69021;Bessenay;2017;12.0
69021;Bessenay;2022;35.0
69021;Bessenay;2024;18.0
69022;Bibost;2017;0.0
69022;Bibost;2022;0.0
69022;Bibost;2024;0.0
69023;Blacé;2017;0.0
69023;Blacé;2022;0.0
69023;Blacé;2024;8.0
69024;Val d'Oingt;2017;45.0
69024;Val d'Oingt;2022;93.0
69024;Val d'Oingt;2024;95.0
69026;Le Breuil;2017;0.0
69026;Le Breuil;2022;0.0
69026;Le Breuil;2024;0.0
69027;Brignais;2017;542.0
69027;Brignais;2022;553.0
69027;Brignais;2024;600.0
69028;Brindas;2017;122.0
69028;Brindas;2022;167.0
69028;Brindas;2024;185.0
69029;Bron;2017;3035.0
69029;Bron;2022;2823.0
69029;Bron;2024;2780.0
69030;Brullioles;2017;0.0
69030;Brullioles;2022;0.0
69030;Brullioles;2024;0.0
69031;Brussieu;2017;0.0
69031;Brussieu;2022;0.0
69031;Brussieu;2024;11.0
69032;Bully;2017;20.0
69032;Bully;2022;11.0
69032;Bully;2024;48.0
69033;Cailloux-sur-Fontaines;2017;66.0
69033;Cailloux-sur-Fontaines;2022;39.0
69033;Cailloux-sur-Fontaines;2024;52.0
69034;Caluire-et-Cuire;2017;1972.0
69034;Caluire-et-Cuire;2022;2096.0
69034;Caluire-et-Cuire;2024;2029.0
69035;Cenves;2017;0.0
69035;Cenves;2022;0.0
69035;Cenves;2024;0.0
69036;Cercié;2017;0.0
69036;Cercié;2022;6.0
69036;Cercié;2024;10.0
69037;Chambost-Allières;2017;0.0
69037;Chambost-Allières;2022;0.0
69037;Chambost-Allières;2024;0.0
69038;Chambost-Longessaigne;2017;0.0
69038;Chambost-Longessaigne;2022;0.0
69038;Chambost-Longessaigne;2024;15.0
69039;Chamelet;2017;0.0
69039;Chamelet;2022;0.0
69039;Chamelet;2024;0.0
69040;Champagne-au-Mont-d'Or;2017;362.0
69040;Champagne-au-Mont-d'Or;2022;263.0
69040;Champagne-au-Mont-d'Or;2024;394.0
69042;La Chapelle-sur-Coise;2017;0.0
69042;La Chapelle-sur-Coise;2022;0.0
69042;La Chapelle-sur-Coise;2024;0.0
69043;Chaponost;2017;272.0
69043;Chaponost;2022;389.0
69043;Chaponost;2024;351.0
69044;Charbonnières-les-Bains;2017;170.0
69044;Charbonnières-les-Bains;2022;373.0
69044;Charbonnières-les-Bains;2024;241.0
69045;Charentay;2017;0.0
69045;Charentay;2022;0.0
69045;Charentay;2024;0.0
69046;Charly;2017;129.0
69046;Charly;2022;126.0
69046;Charly;2024;163.0
69047;Charnay;2017;0.0
69047;Charnay;2022;0.0
69047;Charnay;2024;0.0
69049;Chasselay;2017;49.0
69049;Chasselay;2022;42.0
69049;Chasselay;2024;49.0
69050;Châtillon;2017;21.0
69050;Châtillon;2022;37.0
69050;Châtillon;2024;33.0
69051;Chaussan;2017;0.0
69051;Chaussan;2022;0.0
69051;Chaussan;2024;0.0
69052;Chazay-d'Azergues;2017;88.0
69052;Chazay-d'Azergues;2022;100.0
69052;Chazay-d'Azergues;2024;106.0
69053;Chénas;2017;0.0
69053;Chénas;2022;0.0
69053;Chénas;2024;0.0
69054;Chénelette;2017;0.0
69054;Chénelette;2022;0.0
69054;Chénelette;2024;0.0
69055;Les Chères;2017;8.0
69055;Les Chères;2022;0.0
69055;Les Chères;2024;27.0
69056;Chessy;2017;5.0
69056;Chessy;2022;10.0
69056;Chessy;2024;17.0
69057;Chevinay;2017;0.0
69057;Chevinay;2022;0.0
69057;Chevinay;2024;0.0
69058;Chiroubles;2017;0.0
69058;Chiroubles;2022;0.0
69058;Chiroubles;2024;0.0
69059;Civrieux-d'Azergues;2017;40.0
69059;Civrieux-d'Azergues;2022;47.0
69059;Civrieux-d'Azergues;2024;39.0
69060;Claveisolles;2017;0.0
69060;Claveisolles;2022;0.0
69060;Claveisolles;2024;0.0
69061;Cogny;2017;0.0
69061;Cogny;2022;0.0
69061;Cogny;2024;0.0
69062;Coise;2017;0.0
69062;Coise;2022;0.0
69062;Coise;2024;0.0
69063;Collonges-au-Mont-d'Or;2017;226.0
69063;Collonges-au-Mont-d'Or;2022;243.0
69063;Collonges-au-Mont-d'Or;2024;201.0
69064;Condrieu;2017;140.0
69064;Condrieu;2022;164.0
69064;Condrieu;2024;179.0
69065;Corcelles-en-Beaujolais;2017;0.0
69065;Corcelles-en-Beaujolais;2022;0.0
69065;Corcelles-en-Beaujolais;2024;7.0
69066;Cours;2017;64.0
69066;Cours;2022;94.0
69066;Cours;2024;158.0
69067;Courzieu;2017;0.0
69067;Courzieu;2022;9.0
69067;Courzieu;2024;15.0
69068;Couzon-au-Mont-d'Or;2017;83.0
69068;Couzon-au-Mont-d'Or;2022;53.0
69068;Couzon-au-Mont-d'Or;2024;72.0
69069;Craponne;2017;384.0
69069;Craponne;2022;417.0
69069;Craponne;2024;446.0
69070;Cublize;2017;17.0
69070;Cublize;2022;7.0
69070;Cublize;2024;9.0
69071;Curis-au-Mont-d'Or;2017;0.0
69071;Curis-au-Mont-d'Or;2022;5.0
69071;Curis-au-Mont-d'Or;2024;0.0
69072;Dardilly;2017;585.0
69072;Dardilly;2022;561.0
69072;Dardilly;2024;591.0
69074;Denicé;2017;0.0
69074;Denicé;2022;15.0
69074;Denicé;2024;14.0
69075;Dième;2017;0.0
69075;Dième;2022;0.0
69075;Dième;2024;0.0
69076;Dommartin;2017;47.0
69076;Dommartin;2022;41.0
69076;Dommartin;2024;43.0
69077;Dracé;2017;41.0
69077;Dracé;2022;43.0
69077;Dracé;2024;77.0
69078;Duerne;2017;0.0
69078;Duerne;2022;0.0
69078;Duerne;2024;0.0
69080;Échalas;2017;8.0
69080;Échalas;2022;15.0
69080;Échalas;2024;8.0
69081;Écully;2017;819.0
69081;Écully;2022;732.0
69081;Écully;2024;882.0
69082;Émeringes;2017;0.0
69082;Émeringes;2022;0.0
69082;Émeringes;2024;0.0
69083;Éveux;2017;0.0
69083;Éveux;2022;0.0
69083;Éveux;2024;0.0
69084;Fleurie;2017;0.0
69084;Fleurie;2022;0.0
69084;Fleurie;2024;5.0
69085;Fleurieu-sur-Saône;2017;17.0
69085;Fleurieu-sur-Saône;2022;31.0
69085;Fleurieu-sur-Saône;2024;28.0
69086;Fleurieux-sur-l'Arbresle;2017;33.0
69086;Fleurieux-sur-l'Arbresle;2022;46.0
69086;Fleurieux-sur-l'Arbresle;2024;31.0
69087;Fontaines-Saint-Martin;2017;53.0
69087;Fontaines-Saint-Martin;2022;74.0
69087;Fontaines-Saint-Martin;2024;65.0
69088;Fontaines-sur-Saône;2017;262.0
69088;Fontaines-sur-Saône;2022;351.0
69088;Fontaines-sur-Saône;2024;286.0
69089;Francheville;2017;532.0
69089;Francheville;2022;578.0
69089;Francheville;2024;625.0
69090;Frontenas;2017;0.0
69090;Frontenas;2022;0.0
69090;Frontenas;2024;0.0
69091;Givors;2017;1409.0
69091;Givors;2022;1427.0
69091;Givors;2024;1663.0
69092;Gleizé;2017;282.0
69092;Gleizé;2022;292.0
69092;Gleizé;2024;362.0
69093;Grandris;2017;12.0
69093;Grandris;2022;9.0
69093;Grandris;2024;11.0
69094;Grézieu-la-Varenne;2017;144.0
69094;Grézieu-la-Varenne;2022;195.0
69094;Grézieu-la-Varenne;2024;212.0
69095;Grézieu-le-Marché;2017;0.0
69095;Grézieu-le-Marché;2022;0.0
69095;Grézieu-le-Marché;2024;0.0
69096;Grigny-sur-Rhône;2017;372.0
69096;Grigny-sur-Rhône;2022;391.0
69096;Grigny-sur-Rhône;2024;422.0
69097;Les Haies;2017;6.0
69097;Les Haies;2022;8.0
69097;Les Haies;2024;0.0
69098;Les Halles;2017;0.0
69098;Les Halles;2022;0.0
69098;Les Halles;2024;5.0
69099;Haute-Rivoire;2017;0.0
69099;Haute-Rivoire;2022;0.0
69099;Haute-Rivoire;2024;0.0
69100;Irigny;2017;342.0
69100;Irigny;2022;399.0
69100;Irigny;2024;377.0
69102;Joux;2017;0.0
69102;Joux;2022;0.0
69102;Joux;2024;0.0
69103;Juliénas;2017;0.0
69103;Juliénas;2022;7.0
69103;Juliénas;2024;8.0
69104;Jullié;2017;0.0
69104;Jullié;2022;0.0
69104;Jullié;2024;0.0
69105;Lacenas;2017;0.0
69105;Lacenas;2022;0.0
69105;Lacenas;2024;0.0
69106;Lachassagne;2017;0.0
69106;Lachassagne;2022;6.0
69106;Lachassagne;2024;10.0
69107;Lamure-sur-Azergues;2017;5.0
69107;Lamure-sur-Azergues;2022;11.0
69107;Lamure-sur-Azergues;2024;23.0
69108;Lancié;2017;0.0
69108;Lancié;2022;0.0
69108;Lancié;2024;0.0
69109;Lantignié;2017;0.0
69109;Lantignié;2022;0.0
69109;Lantignié;2024;5.0
69110;Larajasse;2017;0.0
69110;Larajasse;2022;7.0
69110;Larajasse;2024;7.0
69111;Légny;2017;0.0
69111;Légny;2022;0.0
69111;Légny;2024;0.0
69112;Lentilly;2017;159.0
69112;Lentilly;2022;239.0
69112;Lentilly;2024;241.0
69113;Létra;2017;0.0
69113;Létra;2022;0.0
69113;Létra;2024;0.0
69114;Porte des Pierres Dorées;2017;31.0
69114;Porte des Pierres Dorées;2022;65.0
69114;Porte des Pierres Dorées;2024;63.0
69115;Limas;2017;304.0
69115;Limas;2022;230.0
69115;Limas;2024;225.0
69116;Limonest;2017;182.0
69116;Limonest;2022;231.0
69116;Limonest;2024;242.0
69117;Lissieu;2017;62.0
69117;Lissieu;2022;81.0
69117;Lissieu;2024;67.0
69118;Loire-sur-Rhône;2017;74.0
69118;Loire-sur-Rhône;2022;38.0
69118;Loire-sur-Rhône;2024;37.0
69119;Longes;2017;0.0
69119;Longes;2022;0.0
69119;Longes;2024;0.0
69120;Longessaigne;2017;0.0
69120;Longessaigne;2022;0.0
69120;Longessaigne;2024;0.0
69121;Lozanne;2017;76.0
69121;Lozanne;2022;92.0
69121;Lozanne;2024;100.0
69122;Lucenay;2017;22.0
69122;Lucenay;2022;49.0
69122;Lucenay;2024;44.0
69123;Lyon;2017;54699.0
69123;Lyon;2022;59211.0
69123;Lyon;2024;53462.0
69124;Marchampt;2017;0.0
69124;Marchampt;2022;0.0
69124;Marchampt;2024;0.0
69125;Marcilly-d'Azergues;2017;0.0
69125;Marcilly-d'Azergues;2022;6.0
69125;Marcilly-d'Azergues;2024;0.0
69126;Marcy;2017;0.0
69126;Marcy;2022;0.0
69126;Marcy;2024;5.0
69127;Marcy-l'Étoile;2017;123.0
69127;Marcy-l'Étoile;2022;80.0
69127;Marcy-l'Étoile;2024;61.0
69130;Meaux-la-Montagne;2017;0.0
69130;Meaux-la-Montagne;2022;0.0
69130;Meaux-la-Montagne;2024;0.0
69131;Messimy;2017;51.0
69131;Messimy;2022;62.0
69131;Messimy;2024;71.0
69132;Meys;2017;0.0
69132;Meys;2022;0.0
69132;Meys;2024;7.0
69133;Millery;2017;124.0
69133;Millery;2022;140.0
69133;Millery;2024;113.0
69134;Moiré;2017;0.0
69134;Moiré;2022;0.0
69134;Moiré;2024;0.0
69135;Deux-Grosnes;2017;6.0
69135;Deux-Grosnes;2022;18.0
69135;Deux-Grosnes;2024;23.0
69136;Montagny;2017;81.0
69136;Montagny;2022;56.0
69136;Montagny;2024;73.0
69137;Montmelas-Saint-Sorlin;2017;0.0
69137;Montmelas-Saint-Sorlin;2022;0.0
69137;Montmelas-Saint-Sorlin;2024;0.0
69138;Montromant;2017;0.0
69138;Montromant;2022;0.0
69138;Montromant;2024;0.0
69139;Montrottier;2017;0.0
69139;Montrottier;2022;5.0
69139;Montrottier;2024;0.0
69140;Morancé;2017;9.0
69140;Morancé;2022;44.0
69140;Morancé;2024;21.0
69141;Mornant;2017;200.0
69141;Mornant;2022;183.0
69141;Mornant;2024;233.0
69142;La Mulatière;2017;387.0
69142;La Mulatière;2022;447.0
69142;La Mulatière;2024;402.0
69143;Neuville-sur-Saône;2017;318.0
69143;Neuville-sur-Saône;2022;435.0
69143;Neuville-sur-Saône;2024;448.0
69145;Odenas;2017;0.0
69145;Odenas;2022;0.0
69145;Odenas;2024;0.0
69148;Orliénas;2017;28.0
69148;Orliénas;2022;47.0
69148;Orliénas;2024;41.0
69149;Oullins-Pierre-Bénite;2017;2329.0
69149;Oullins-Pierre-Bénite;2022;2158.0
69149;Oullins-Pierre-Bénite;2024;1951.0
69151;Le Perréon;2017;0.0
69151;Le Perréon;2022;5.0
69151;Le Perréon;2024;6.0
69153;Poleymieux-au-Mont-d'Or;2017;23.0
69153;Poleymieux-au-Mont-d'Or;2022;21.0
69153;Poleymieux-au-Mont-d'Or;2024;22.0
69154;Pollionnay;2017;25.0
69154;Pollionnay;2022;62.0
69154;Pollionnay;2024;39.0
69155;Pomeys;2017;0.0
69155;Pomeys;2022;0.0
69155;Pomeys;2024;0.0
69156;Pommiers;2017;29.0
69156;Pommiers;2022;37.0
69156;Pommiers;2024;80.0
69157;Vindry-sur-Turdine;2017;68.0
69157;Vindry-sur-Turdine;2022;103.0
69157;Vindry-sur-Turdine;2024;154.0
69160;Poule-les-Écharmeaux;2017;0.0
69160;Poule-les-Écharmeaux;2022;0.0
69160;Poule-les-Écharmeaux;2024;8.0
69161;Propières;2017;0.0
69161;Propières;2022;0.0
69161;Propières;2024;0.0
69162;Quincié-en-Beaujolais;2017;0.0
69162;Quincié-en-Beaujolais;2022;0.0
69162;Quincié-en-Beaujolais;2024;9.0
69163;Quincieux;2017;64.0
69163;Quincieux;2022;90.0
69163;Quincieux;2024;84.0
69164;Ranchal;2017;0.0
69164;Ranchal;2022;0.0
69164;Ranchal;2024;0.0
69165;Régnié-Durette;2017;0.0
69165;Régnié-Durette;2022;8.0
69165;Régnié-Durette;2024;5.0
69166;Riverie;2017;0.0
69166;Riverie;2022;0.0
69166;Riverie;2024;0.0
69167;Rivolet;2017;0.0
69167;Rivolet;2022;0.0
69167;Rivolet;2024;0.0
69168;Rochetaillée-sur-Saône;2017;38.0
69168;Rochetaillée-sur-Saône;2022;68.0
69168;Rochetaillée-sur-Saône;2024;57.0
69169;Ronno;2017;0.0
69169;Ronno;2022;0.0
69169;Ronno;2024;0.0
69170;Rontalon;2017;0.0
69170;Rontalon;2022;0.0
69170;Rontalon;2024;7.0
69171;Sain-Bel;2017;40.0
69171;Sain-Bel;2022;50.0
69171;Sain-Bel;2024;76.0
69172;Salles-Arbuissonnas-en-Beaujolais;2017;0.0
69172;Salles-Arbuissonnas-en-Beaujolais;2022;0.0
69172;Salles-Arbuissonnas-en-Beaujolais;2024;0.0
69173;Sarcey;2017;0.0
69173;Sarcey;2022;8.0
69173;Sarcey;2024;18.0
69174;Les Sauvages;2017;0.0
69174;Les Sauvages;2022;0.0
69174;Les Sauvages;2024;0.0
69175;Savigny;2017;20.0
69175;Savigny;2022;16.0
69175;Savigny;2024;26.0
69176;Soucieu-en-Jarrest;2017;57.0
69176;Soucieu-en-Jarrest;2022;95.0
69176;Soucieu-en-Jarrest;2024;105.0
69177;Sourcieux-les-Mines;2017;8.0
69177;Sourcieux-les-Mines;2022;17.0
69177;Sourcieux-les-Mines;2024;15.0
69178;Souzy;2017;0.0
69178;Souzy;2022;0.0
69178;Souzy;2024;0.0
69179;Beauvallon;2017;101.0
69179;Beauvallon;2022;93.0
69179;Beauvallon;2024;105.0
69180;Saint-André-la-Côte;2017;0.0
69180;Saint-André-la-Côte;2022;0.0
69180;Saint-André-la-Côte;2024;0.0
69181;Saint-Appolinaire;2017;0.0
69181;Saint-Appolinaire;2022;0.0
69181;Saint-Appolinaire;2024;0.0
69182;Saint-Bonnet-des-Bruyères;2017;0.0
69182;Saint-Bonnet-des-Bruyères;2022;0.0
69182;Saint-Bonnet-des-Bruyères;2024;0.0
69183;Saint-Bonnet-le-Troncy;2017;0.0
69183;Saint-Bonnet-le-Troncy;2022;0.0
69183;Saint-Bonnet-le-Troncy;2024;0.0
69184;Sainte-Catherine;2017;0.0
69184;Sainte-Catherine;2022;0.0
69184;Sainte-Catherine;2024;0.0
69186;Saint-Clément-de-Vers;2017;0.0
69186;Saint-Clément-de-Vers;2022;0.0
69186;Saint-Clément-de-Vers;2024;0.0
69187;Saint-Clément-les-Places;2017;0.0
69187;Saint-Clément-les-Places;2022;0.0
69187;Saint-Clément-les-Places;2024;0.0
69188;Saint-Clément-sur-Valsonne;2017;0.0
69188;Saint-Clément-sur-Valsonne;2022;0.0
69188;Saint-Clément-sur-Valsonne;2024;0.0
69189;Sainte-Colombe;2017;86.0
69189;Sainte-Colombe;2022;53.0
69189;Sainte-Colombe;2024;51.0
69190;Sainte-Consorce;2017;34.0
69190;Sainte-Consorce;2022;30.0
69190;Sainte-Consorce;2024;30.0
69191;Saint-Cyr-au-Mont-d'Or;2017;177.0
69191;Saint-Cyr-au-Mont-d'Or;2022;232.0
69191;Saint-Cyr-au-Mont-d'Or;2024;283.0
69192;Saint-Cyr-le-Chatoux;2017;0.0
69192;Saint-Cyr-le-Chatoux;2022;0.0
69192;Saint-Cyr-le-Chatoux;2024;0.0
69193;Saint-Cyr-sur-le-Rhône;2017;19.0
69193;Saint-Cyr-sur-le-Rhône;2022;21.0
69193;Saint-Cyr-sur-le-Rhône;2024;19.0
69194;Saint-Didier-au-Mont-d'Or;2017;206.0
69194;Saint-Didier-au-Mont-d'Or;2022;256.0
69194;Saint-Didier-au-Mont-d'Or;2024;238.0
69196;Saint-Didier-sur-Beaujeu;2017;0.0
69196;Saint-Didier-sur-Beaujeu;2022;0.0
69196;Saint-Didier-sur-Beaujeu;2024;0.0
69197;Saint-Étienne-des-Oullières;2017;0.0
69197;Saint-Étienne-des-Oullières;2022;8.0
69197;Saint-Étienne-des-Oullières;2024;27.0
69198;Saint-Étienne-la-Varenne;2017;0.0
69198;Saint-Étienne-la-Varenne;2022;0.0
69198;Saint-Étienne-la-Varenne;2024;0.0
69199;Saint-Fons;2017;1062.0
69199;Saint-Fons;2022;1170.0
69199;Saint-Fons;2024;1150.0
69200;Saint-Forgeux;2017;0.0
69200;Saint-Forgeux;2022;12.0
69200;Saint-Forgeux;2024;13.0
69201;Sainte-Foy-l'Argentière;2017;14.0
69201;Sainte-Foy-l'Argentière;2022;5.0
69201;Sainte-Foy-l'Argentière;2024;12.0
69202;Sainte-Foy-lès-Lyon;2017;924.0
69202;Sainte-Foy-lès-Lyon;2022;844.0
69202;Sainte-Foy-lès-Lyon;2024;933.0
69203;Saint-Genis-l'Argentière;2017;0.0
69203;Saint-Genis-l'Argentière;2022;0.0
69203;Saint-Genis-l'Argentière;2024;0.0
69204;Saint-Genis-Laval;2017;899.0
69204;Saint-Genis-Laval;2022;990.0
69204;Saint-Genis-Laval;2024;1098.0
69205;Saint-Genis-les-Ollières;2017;89.0
69205;Saint-Genis-les-Ollières;2022;137.0
69205;Saint-Genis-les-Ollières;2024;166.0
69206;Saint-Georges-de-Reneins;2017;129.0
69206;Saint-Georges-de-Reneins;2022;144.0
69206;Saint-Georges-de-Reneins;2024;195.0
69207;Saint-Germain-au-Mont-d'Or;2017;101.0
69207;Saint-Germain-au-Mont-d'Or;2022;102.0
69207;Saint-Germain-au-Mont-d'Or;2024;130.0
69208;Saint-Germain-Nuelles;2017;5.0
69208;Saint-Germain-Nuelles;2022;18.0
69208;Saint-Germain-Nuelles;2024;32.0
69209;Saint-Igny-de-Vers;2017;0.0
69209;Saint-Igny-de-Vers;2022;0.0
69209;Saint-Igny-de-Vers;2024;0.0
69212;Saint-Jean-des-Vignes;2017;0.0
69212;Saint-Jean-des-Vignes;2022;0.0
69212;Saint-Jean-des-Vignes;2024;0.0
69214;Saint-Jean-la-Bussière;2017;81.0
69214;Saint-Jean-la-Bussière;2022;17.0
69214;Saint-Jean-la-Bussière;2024;27.0
69215;Saint-Julien;2017;0.0
69215;Saint-Julien;2022;5.0
69215;Saint-Julien;2024;0.0
69216;Saint-Julien-sur-Bibost;2017;0.0
69216;Saint-Julien-sur-Bibost;2022;0.0
69216;Saint-Julien-sur-Bibost;2024;0.0
69217;Saint-Just-d'Avray;2017;0.0
69217;Saint-Just-d'Avray;2022;0.0
69217;Saint-Just-d'Avray;2024;0.0
69218;Saint-Lager;2017;0.0
69218;Saint-Lager;2022;0.0
69218;Saint-Lager;2024;0.0
69219;Saint-Laurent-d'Agny;2017;48.0
69219;Saint-Laurent-d'Agny;2022;33.0
69219;Saint-Laurent-d'Agny;2024;47.0
69220;Saint-Laurent-de-Chamousset;2017;30.0
69220;Saint-Laurent-de-Chamousset;2022;38.0
69220;Saint-Laurent-de-Chamousset;2024;35.0
69225;Saint-Marcel-l'Éclairé;2017;0.0
69225;Saint-Marcel-l'Éclairé;2022;0.0
69225;Saint-Marcel-l'Éclairé;2024;0.0
69227;Saint-Martin-en-Haut;2017;70.0
69227;Saint-Martin-en-Haut;2022;102.0
69227;Saint-Martin-en-Haut;2024;101.0
69228;Chabanière;2017;86.0
69228;Chabanière;2022;123.0
69228;Chabanière;2024;140.0
69229;Saint-Nizier-d'Azergues;2017;0.0
69229;Saint-Nizier-d'Azergues;2022;0.0
69229;Saint-Nizier-d'Azergues;2024;9.0
69230;Sainte-Paule;2017;0.0
69230;Sainte-Paule;2022;0.0
69230;Sainte-Paule;2024;0.0
69231;Saint-Pierre-la-Palud;2017;26.0
69231;Saint-Pierre-la-Palud;2022;31.0
69231;Saint-Pierre-la-Palud;2024;25.0
69233;Saint-Romain-au-Mont-d'Or;2017;5.0
69233;Saint-Romain-au-Mont-d'Or;2022;14.0
69233;Saint-Romain-au-Mont-d'Or;2024;20.0
69234;Saint-Romain-de-Popey;2017;7.0
69234;Saint-Romain-de-Popey;2022;7.0
69234;Saint-Romain-de-Popey;2024;26.0
69235;Saint-Romain-en-Gal;2017;82.0
69235;Saint-Romain-en-Gal;2022;83.0
69235;Saint-Romain-en-Gal;2024;112.0
69236;Saint-Romain-en-Gier;2017;0.0
69236;Saint-Romain-en-Gier;2022;0.0
69236;Saint-Romain-en-Gier;2024;0.0
69238;Saint-Symphorien-sur-Coise;2017;80.0
69238;Saint-Symphorien-sur-Coise;2022;112.0
69238;Saint-Symphorien-sur-Coise;2024;93.0
69239;Saint-Vérand;2017;0.0
69239;Saint-Vérand;2022;0.0
69239;Saint-Vérand;2024;5.0
69240;Saint-Vincent-de-Reins;2017;0.0
69240;Saint-Vincent-de-Reins;2022;0.0
69240;Saint-Vincent-de-Reins;2024;0.0
69241;Taluyers;2017;43.0
69241;Taluyers;2022;49.0
69241;Taluyers;2024;36.0
69242;Taponas;2017;90.0
69242;Taponas;2022;69.0
69242;Taponas;2024;107.0
69243;Tarare;2017;406.0
69243;Tarare;2022;479.0
69243;Tarare;2024;458.0
69244;Tassin-la-Demi-Lune;2017;847.0
69244;Tassin-la-Demi-Lune;2022;1206.0
69244;Tassin-la-Demi-Lune;2024;1087.0
69245;Ternand;2017;0.0
69245;Ternand;2022;0.0
69245;Ternand;2024;0.0
69246;Theizé;2017;0.0
69246;Theizé;2022;0.0
69246;Theizé;2024;15.0
69248;Thizy-les-Bourgs;2017;130.0
69248;Thizy-les-Bourgs;2022;165.0
69248;Thizy-les-Bourgs;2024;192.0
69249;Thurins;2017;47.0
69249;Thurins;2022;69.0
69249;Thurins;2024;53.0
69250;La Tour-de-Salvagny;2017;136.0
69250;La Tour-de-Salvagny;2022;418.0
69250;La Tour-de-Salvagny;2024;265.0
69252;Trèves;2017;0.0
69252;Trèves;2022;0.0
69252;Trèves;2024;0.0
69253;Tupin-et-Semons;2017;0.0
69253;Tupin-et-Semons;2022;0.0
69253;Tupin-et-Semons;2024;0.0
69254;Valsonne;2017;0.0
69254;Valsonne;2022;0.0
69254;Valsonne;2024;0.0
69255;Vaugneray;2017;107.0
69255;Vaugneray;2022;142.0
69255;Vaugneray;2024;128.0
69256;Vaulx-en-Velin;2017;3732.0
69256;Vaulx-en-Velin;2022;4067.0
69256;Vaulx-en-Velin;2024;4073.0
69257;Vaux-en-Beaujolais;2017;0.0
69257;Vaux-en-Beaujolais;2022;0.0
69257;Vaux-en-Beaujolais;2024;0.0
69258;Vauxrenard;2017;0.0
69258;Vauxrenard;2022;0.0
69258;Vauxrenard;2024;0.0
69259;Vénissieux;2017;4878.0
69259;Vénissieux;2022;6051.0
69259;Vénissieux;2024;6503.0
69260;Vernaison;2017;167.0
69260;Vernaison;2022;188.0
69260;Vernaison;2024;204.0
69261;Vernay;2017;0.0
69261;Vernay;2022;0.0
69261;Vernay;2024;0.0
69263;Villechenève;2017;0.0
69263;Villechenève;2022;0.0
69263;Villechenève;2024;0.0
69264;Villefranche-sur-Saône;2017;2833.0
69264;Villefranche-sur-Saône;2022;2624.0
69264;Villefranche-sur-Saône;2024;2511.0
69265;Ville-sur-Jarnioux;2017;0.0
69265;Ville-sur-Jarnioux;2022;0.0
69265;Ville-sur-Jarnioux;2024;0.0
69266;Villeurbanne;2017;10030.0
69266;Villeurbanne;2022;12028.0
69266;Villeurbanne;2024;13460.0
69267;Villié-Morgon;2017;19.0
69267;Villié-Morgon;2022;12.0
69267;Villié-Morgon;2024;40.0
69268;Vourles;2017;93.0
69268;Vourles;2022;110.0
69268;Vourles;2024;152.0
69269;Yzeron;2017;0.0
69269;Yzeron;2022;23.0
69269;Yzeron;2024;32.0
69270;Chaponnay;2017;94.0
69270;Chaponnay;2022;90.0
69270;Chaponnay;2024;146.0
69271;Chassieu;2017;608.0
69271;Chassieu;2022;526.0
69271;Chassieu;2024;647.0
69272;Communay;2017;121.0
69272;Communay;2022;145.0
69272;Communay;2024;166.0
69273;Corbas;2017;634.0
69273;Corbas;2022;779.0
69273;Corbas;2024;785.0
69275;Décines-Charpieu;2017;1397.0
69275;Décines-Charpieu;2022;1601.0
69275;Décines-Charpieu;2024;1549.0
69276;Feyzin;2017;483.0
69276;Feyzin;2022;565.0
69276;Feyzin;2024;507.0
69277;Genas;2017;421.0
69277;Genas;2022;550.0
69277;Genas;2024;616.0
69278;Genay;2017;145.0
69278;Genay;2022;203.0
69278;Genay;2024;229.0
69279;Jonage;2017;206.0
69279;Jonage;2022;194.0
69279;Jonage;2024;257.0
69280;Jons;2017;9.0
69280;Jons;2022;18.0
69280;Jons;2024;25.0
69281;Marennes;2017;39.0
69281;Marennes;2022;35.0
69281;Marennes;2024;40.0
69282;Meyzieu;2017;1654.0
69282;Meyzieu;2022;1830.0
69282;Meyzieu;2024;1725.0
69283;Mions;2017;559.0
69283;Mions;2022;604.0
69283;Mions;2024;520.0
69284;Montanay;2017;56.0
69284;Montanay;2022;65.0
69284;Montanay;2024;72.0
69285;Pusignan;2017;137.0
69285;Pusignan;2022;129.0
69285;Pusignan;2024;292.0
69286;Rillieux-la-Pape;2017;1424.0
69286;Rillieux-la-Pape;2022;1573.0
69286;Rillieux-la-Pape;2024;1665.0
69287;Saint-Bonnet-de-Mure;2017;258.0
69287;Saint-Bonnet-de-Mure;2022;268.0
69287;Saint-Bonnet-de-Mure;2024;281.0
69288;Saint-Laurent-de-Mure;2017;254.0
69288;Saint-Laurent-de-Mure;2022;228.0
69288;Saint-Laurent-de-Mure;2024;281.0
69289;Saint-Pierre-de-Chandieu;2017;135.0
69289;Saint-Pierre-de-Chandieu;2022;145.0
69289;Saint-Pierre-de-Chandieu;2024;140.0
69290;Saint-Priest;2017;2840.0
69290;Saint-Priest;2022;2635.0
69290;Saint-Priest;2024;2800.0
69291;Saint-Symphorien-d'Ozon;2017;174.0
69291;Saint-Symphorien-d'Ozon;2022;197.0
69291;Saint-Symphorien-d'Ozon;2024;223.0
69292;Sathonay-Camp;2017;163.0
69292;Sathonay-Camp;2022;251.0
69292;Sathonay-Camp;2024;265.0
69293;Sathonay-Village;2017;45.0
69293;Sathonay-Village;2022;42.0
69293;Sathonay-Village;2024;42.0
69294;Sérézin-du-Rhône;2017;74.0
69294;Sérézin-du-Rhône;2022;98.0
69294;Sérézin-du-Rhône;2024;102.0
69295;Simandres;2017;21.0
69295;Simandres;2022;22.0
69295;Simandres;2024;43.0
69296;Solaize;2017;177.0
69296;Solaize;2022;163.0
69296;Solaize;2024;174.0
69297;Ternay;2017;207.0
69297;Ternay;2022;170.0
69297;Ternay;2024;178.0
69298;Toussieu;2017;59.0
69298;Toussieu;2022;48.0
69298;Toussieu;2024;65.0
69299;Colombier-Saugnieu;2017;579.0
69299;Colombier-Saugnieu;2022;531.0
69299;Colombier-Saugnieu;2024;683.0
69381;Lyon 1er Arrondissement;2017;4168.0
69381;Lyon 1er Arrondissement;2022;4784.0
69381;Lyon 1er Arrondissement;2024;3483.0
69382;Lyon 2e Arrondissement;2017;6960.0
69382;Lyon 2e Arrondissement;2022;8391.0
69382;Lyon 2e Arrondissement;2024;7445.0
69383;Lyon 3e Arrondissement;2017;12254.0
69383;Lyon 3e Arrondissement;2022;12945.0
69383;Lyon 3e Arrondissement;2024;11696.0
69384;Lyon 4e Arrondissement;2017;2127.0
69384;Lyon 4e Arrondissement;2022;2011.0
69384;Lyon 4e Arrondissement;2024;1705.0
69385;Lyon 5e Arrondissement;2017;2939.0
69385;Lyon 5e Arrondissement;2022;3602.0
69385;Lyon 5e Arrondissement;2024;3091.0
69386;Lyon 6e Arrondissement;2017;4656.0
69386;Lyon 6e Arrondissement;2022;5071.0
69386;Lyon 6e Arrondissement;2024;4808.0
69387;Lyon 7e Arrondissement;2017;11006.0
69387;Lyon 7e Arrondissement;2022;11689.0
69387;Lyon 7e Arrondissement;2024;11367.0
69388;Lyon 8e Arrondissement;2017;6729.0
69388;Lyon 8e Arrondissement;2022;7119.0
69388;Lyon 8e Arrondissement;2024;6257.0
69389;Lyon 9e Arrondissement;2017;3817.0
69389;Lyon 9e Arrondissement;2022;3568.0
69389;Lyon 9e Arrondissement;2024;3593.0
